{"entities":{"pages":{"roadmap":{"id":"roadmap","title":"Roadmap","url":"roadmap.html","level":0,"tabIndex":0},"JS":{"id":"JS","title":"JS","url":"js.html","level":0,"pages":["Полезные-ссылки","Введение","Браузерный-JS"],"tabIndex":1},"Полезные-ссылки":{"id":"Полезные-ссылки","title":"Полезные ссылки","url":"полезные-ссылки.html","level":1,"parentId":"JS","tabIndex":0},"Введение":{"id":"Введение","title":"Введение","url":"введение.html","level":1,"parentId":"JS","tabIndex":1},"Браузерный-JS":{"id":"Браузерный-JS","title":"Браузерный JS","url":"браузерный-js.html","level":1,"parentId":"JS","tabIndex":2}}},"topLevelIds":["roadmap","JS"]}